,SchoolCode,Expenditure
0,0,15904165929
1,1500,261036
2,1502,2162588
3,1506,932919
4,1508,2656577
5,1510,4397801
6,1516,3784450
7,1518,198079
8,1519,2772899
9,1520,3168905
10,1523,280439
11,1530,869583
12,1533,1080344
13,1534,169031
14,1537,2743915
15,1539,2349525
16,1547,1912665
17,1558,74131
18,1559,411558
19,1560,885126
20,1566,354117
21,1567,3065116
22,1570,175246
23,1574,2686133
24,1579,7869238
25,1585,1279367
26,1594,973136
27,1596,6278745
28,1603,24572
29,1604,160480
30,1605,143141
31,1612,4414
32,1613,4217393
33,1617,1142246
34,1620,9473246
35,1621,267171
36,1624,318826
37,1627,1197623
38,1628,2841754
39,1629,683985
40,1635,11422929
41,1640,2518637
42,1643,29962
43,1646,4044211
44,1647,3316090
45,1648,107952
46,1649,695314
47,1650,714337
48,1656,2005109
49,1657,2308352
50,1658,900803
51,1663,2509
52,1667,234941
53,1670,428616
54,1671,327677
55,1672,16043
56,1675,474580
57,1677,4036
58,1680,842831
59,1682,1509781
60,1683,37930
61,1685,8438867
62,1687,889908
63,1688,1323305
64,1689,7244948
65,1698,1707735
66,1699,2899748
67,1706,5655830
68,1707,2153157
69,1708,1832749
70,1712,6124112
71,1713,1223427
72,1714,799591
73,1715,191166
74,1718,2157396
75,1724,551794
76,1730,175961
77,1733,817931
78,1735,789596
79,1737,2050084
80,1738,671401
81,1742,1901049
82,1743,98037
83,1744,354313
84,1749,284368
85,1751,2621540
86,1753,916266
87,1754,595383
88,1755,2681665
89,1756,492861
90,1758,2224079
91,1759,4380071
92,1763,1057568
93,1767,50436
94,1768,2023384
95,1769,706439
96,1771,1300899
97,1776,665308
98,1777,7631862
99,1781,89245
100,1784,1229935
101,1787,43149
102,1789,4143815
103,1795,770717
104,1796,10820238
105,1797,252102
106,1798,630043
107,1799,39909
108,1800,1665168
109,1802,188507
110,1803,1445889
111,1804,958467
112,1806,1262720
113,1807,185091
114,1814,1966478
115,1815,420934
116,1820,111510
117,1822,663153
118,1823,505940
119,1825,558941
120,1829,387481
121,1830,478345
122,1831,2187201
123,1835,190626
124,1836,5185720
125,1838,1787345
126,1841,1590609
127,1842,1729909
128,1845,141887
129,1848,2025536
130,1852,3153042
131,1854,1365212
132,1856,4033210
133,1858,4191079
134,1860,9004660
135,1861,556866
136,1862,3574726
137,1875,10052255
138,1880,7459
139,1881,6977
140,1882,19890
141,1883,539847
142,1884,4850272
143,1888,71594
144,1889,1032745
145,1892,3076515
146,1895,1515994
147,1897,302732
148,1898,658952
149,1899,115761
150,1900,201439
151,1904,1126787
152,1907,1154049
153,1910,1182834
154,1914,1479004
155,1915,10057277
156,1919,758000
157,1922,705481
158,1924,1192683
159,1926,2434255
160,1927,4110645
161,1928,1029873
162,1932,5838987
163,1934,53101
164,1935,1855016
165,1936,617666
166,1937,87659
167,1938,515670
168,1939,40261
169,1940,700219
170,1941,2354549
171,1942,4036330
172,1950,1491406
173,1951,209505
174,1960,810726
175,1961,146802
176,1962,153215
177,1963,316502
178,1964,664083
179,1966,6321022
180,1970,298342
181,1972,3300652
182,1973,310766
183,1975,1027134
184,1980,45812
185,1981,95594
186,1983,2689489
187,1986,5739492
188,1987,379643
189,1992,2660001
190,2000,4065957
191,2001,554117
192,2006,3213277
193,2007,361703
194,2010,753437
195,2026,8675738
196,2027,3013241
197,2031,6925402
198,2036,6297430
199,2039,815163
200,2040,891441
201,2041,1162422
202,2049,1172566
203,2052,2071084
204,2056,7396516
205,2061,8065376
206,2062,2023962
207,2063,8085461
208,2065,7590055
209,2066,8397075
210,2067,5423990
211,2069,4683537
212,2070,7533554
213,2073,7847421
214,2074,5737352
215,2075,8841390
216,2077,572826
217,2078,5811664
218,2080,5021300
219,2081,7468517
220,2083,6253276
221,2084,19903508
222,2086,8022464
223,2087,1117609
224,2088,1414789
225,2089,6000393
226,2090,8502397
227,2092,6831064
228,2094,8808815
229,2096,7916448
230,2097,811276
231,2103,5477421
232,2105,6989225
233,2106,20569838
234,2108,8011621
235,2109,8066194
236,2110,7763748
237,2111,7314482
238,2113,8108401
239,2114,8046132
240,2115,814555
241,2116,27474758
242,2118,6982081
243,2120,8434852
244,2121,6913247
245,2123,5551553
246,2125,21731757
247,2126,20569874
248,2127,6581221
249,2128,7585048
250,2129,8002266
251,2131,11238234
252,2132,2174991
253,2133,2077727
254,2134,25073381
255,2135,654023
256,2136,1108728
257,2137,7926487
258,2138,8438606
259,2139,6460023
260,2141,8649517
261,2142,8836587
262,2143,6790131
263,2144,10235430
264,2145,3221031
265,2146,4334836
266,2148,5627937
267,2150,16696782
268,2155,8742668
269,2156,6031741
270,2157,8331250
271,2158,2864505
272,2159,6139587
273,2160,3933304
274,2161,2120172
275,2162,2613071
276,2166,15309432
277,2167,5368733
278,2168,7545525
279,2169,6300834
280,2172,23466456
281,2173,5333667
282,2174,1276498
283,2175,7112763
284,2176,7272510
285,2177,5746533
286,2179,18849845
287,2180,8722658
288,2181,5620956
289,2182,19591066
290,2183,7754014
291,2185,8956631
292,2186,1008702
293,2189,6808061
294,2190,5917137
295,2191,9252934
296,2195,6166384
297,2196,3842623
298,2198,5402964
299,2199,6468518
300,2201,4101356
301,2205,4989810
302,2206,7204172
303,2207,2572584
304,2209,11068304
305,2214,4678639
306,2215,22177553
307,2218,6285998
308,2219,8997778
309,2220,28296710
310,2222,7514792
311,2223,7518227
312,2225,4945342
313,2227,3277153
314,2229,8550527
315,2233,2378806
316,2234,15628675
317,2237,9922151
318,2240,5832535
319,2241,2630328
320,2244,5009721
321,2245,3915573
322,2246,4294979
323,2247,6419377
324,2251,1484562
325,2252,7599810
326,2256,7309753
327,2257,6929607
328,2258,7424095
329,2260,5522054
330,2262,6005961
331,2263,581907
332,2264,13241185
333,2265,325618
334,2266,20759906
335,2267,18222030
336,2268,3450878
337,2269,6701561
338,2270,6099356
339,2272,36246011
340,2273,4926793
341,2275,4750291
342,2276,4502267
343,2277,1252405
344,2278,682019
345,2279,6350249
346,2281,5495099
347,2283,2070972
348,2285,28071720
349,2287,7663329
350,2288,8504136
351,2289,8145191
352,2290,4444780
353,2291,5799109
354,2292,2171508
355,2294,7790151
356,2295,25728093
357,2296,5381059
358,2297,2476322
359,2299,10099030
360,2301,6363547
361,2302,2621473
362,2305,7358492
363,2306,23894345
364,2307,6923029
365,2308,7885511
366,2310,5145261
367,2311,5466054
368,2312,7724181
369,2314,11857340
370,2315,6695218
371,2317,5529284
372,2318,6740526
373,2319,4541749
374,2321,6183725
375,2322,4275082
376,2325,15495513
377,2326,8465158
378,2328,5095541
379,2329,3528355
380,2330,5281474
381,2331,3157586
382,2334,5123075
383,2335,891687
384,2336,6313354
385,2338,8897027
386,2340,8274569
387,2341,1913368
388,2342,4054443
389,2343,9177814
390,2344,11206092
391,2345,8681003
392,2347,7314019
393,2349,7029091
394,2353,10210782
395,2355,1013053
396,2357,4430063
397,2358,5645008
398,2359,9774506
399,2360,6775717
400,2361,3559029
401,2362,16082247
402,2364,11004786
403,2365,4760753
404,2367,4202154
405,2368,4576999
406,2369,6080332
407,2370,4911335
408,2371,15260205
409,2372,8292536
410,2376,10804949
411,2377,9379665
412,2379,6471448
413,2380,7166193
414,2381,9135189
415,2385,3488463
416,2386,1677396
417,2387,5510871
418,2388,12725174
419,2389,519353
420,2390,8899025
421,2391,5323631
422,2392,14843269
423,2394,11203969
424,2395,16146659
425,2396,2868109
426,2397,2653627
427,2398,7233551
428,2399,6598655
429,2400,6420073
430,2401,5577824
431,2402,21465276
432,2404,5185068
433,2405,4011647
434,2406,9200314
435,2410,11663451
436,2415,25229748
437,2416,11518289
438,2417,22258224
439,2418,6282601
440,2419,7385223
441,2422,4591628
442,2423,2265522
443,2425,19572739
444,2426,24820492
445,2428,23108668
446,2430,6363555
447,2431,5202085
448,2432,1599843
449,2433,9196816
450,2434,4281702
451,2435,14456179
452,2437,5999093
453,2439,7032576
454,2441,4974436
455,2443,2207813
456,2446,4406498
457,2447,7105559
458,2448,5844841
459,2449,4502976
460,2450,7165254
461,2453,9747715
462,2457,3901686
463,2458,5658929
464,2459,5938582
465,2462,7376910
466,2466,2639021
467,2467,11196179
468,2468,3924158
469,2469,7761615
470,2471,12165953
471,2472,1568584
472,2473,1608093
473,2474,5199350
474,2475,17451826
475,2476,11536082
476,2478,4732691
477,2479,21600063
478,2480,1821640
479,2481,9039539
480,2484,2161558
481,2485,6589756
482,2487,2767727
483,2488,19697201
484,2489,4699550
485,2491,927452
486,2493,3754343
487,2494,3973869
488,2495,4185214
489,2496,9251823
490,2497,4865534
491,2498,5477784
492,2499,10152913
493,2501,7053877
494,2502,719026
495,2503,4985321
496,2505,5888074
497,2506,8522078
498,2507,4199300
499,2508,10926645
500,2509,4817530
501,2510,6835134
502,2511,3685918
503,2512,1565074
504,2513,1133532
505,2514,3816383
506,2516,1611099
507,2517,4636352
508,2518,5089212
509,2519,8806193
510,2520,4550106
511,2521,4756473
512,2522,5156375
513,2523,21170675
514,2525,3307416
515,2527,8017747
516,2528,6010437
517,2529,7882667
518,2530,7211534
519,2531,7214170
520,2532,6834589
521,2539,5320309
522,2542,3713386
523,2543,5227733
524,2545,9913877
525,2546,7445179
526,2549,3775698
527,2550,2809498
528,2552,8221694
529,2553,14254046
530,2554,6511440
531,2555,11980981
532,2558,8620753
533,2560,4776855
534,2561,3412323
535,2562,5060713
536,2563,2939996
537,2564,10355296
538,2565,7953729
539,2569,4255936
540,2570,3297838
541,2572,4106118
542,2575,6575526
543,2576,9879288
544,2577,4957008
545,2578,6446005
546,2579,5674469
547,2580,7705492
548,2581,17634578
549,2584,9084138
550,2585,3367386
551,2587,5271916
552,2588,3290729
553,2591,4967637
554,2592,9990558
555,2594,3123411
556,2596,2164268
557,2597,9060307
558,2602,1199351
559,2603,1798514
560,2605,2295655
561,2607,5169281
562,2608,5491298
563,2610,6274240
564,2612,91704
565,2613,9783978
566,2615,20191104
567,2616,3970282
568,2620,3443496
569,2621,5052721
570,2622,1770947
571,2623,3224972
572,2624,5262129
573,2625,5300802
574,2632,2076167
575,2633,19862719
576,2634,1359937
577,2635,5333560
578,2636,4029649
579,2637,4929644
580,2639,10739765
581,2640,7808574
582,2641,6756814
583,2642,6163194
584,2643,8850467
585,2644,7629203
586,2645,8984977
587,2650,9793872
588,2651,5531959
589,2652,10465110
590,2653,6942028
591,2656,7436242
592,2657,7272908
593,2659,7456388
594,2662,7504802
595,2664,4739111
596,2665,2163703
597,2666,3562686
598,2667,8509535
599,2668,3481132
600,2669,8129215
601,2671,7785988
602,2673,11014019
603,2676,2393726
604,2677,4667657
605,2678,2452232
606,2679,5077210
607,2681,19330710
608,2682,3073037
609,2687,4768756
610,2688,2456820
611,2689,6827493
612,2690,6033815
613,2691,5044154
614,2693,1595028
615,2694,3303510
616,2695,4715035
617,2696,6341591
618,2697,3947460
619,2699,10612112
620,2701,22307107
621,2702,4580593
622,2703,7818227
623,2704,5985906
624,2706,4236891
625,2707,8620590
626,2708,6457855
627,2711,3239117
628,2712,1647401
629,2713,6867665
630,2714,8406993
631,2715,9386133
632,2717,10123307
633,2718,3390468
634,2719,2736191
635,2721,11087989
636,2722,9049412
637,2723,7299472
638,2724,21960200
639,2725,8012065
640,2726,5518440
641,2727,18380167
642,2728,3224893
643,2729,15840310
644,2730,9933246
645,2733,6901621
646,2734,8930634
647,2738,10676896
648,2739,22172239
649,2741,6400408
650,2743,1686260
651,2744,2913300
652,2745,7926723
653,2746,7559632
654,2747,4918705
655,2748,5715037
656,2749,3510754
657,2750,2436017
658,2751,7235706
659,2752,7898360
660,2754,9248410
661,2756,8199261
662,2757,5881306
663,2758,3395216
664,2759,5511278
665,2760,3368840
666,2762,8672518
667,2763,5255443
668,2765,7550969
669,2766,5252637
670,2768,5652279
671,2769,2144415
672,2770,1971463
673,2771,6574367
674,2772,6746632
675,2773,11608829
676,2774,6924397
677,2776,7177016
678,2778,5620072
679,2780,8238988
680,2783,4486290
681,2785,10019732
682,2786,7274565
683,2787,7404953
684,2788,3995276
685,2789,2676147
686,2790,6657993
687,2792,5426720
688,2793,5576319
689,2795,25132901
690,2796,5359237
691,2797,25447575
692,2798,7036893
693,2799,12500014
694,2800,4169513
695,2801,5371679
696,2802,5764720
697,2803,4358008
698,2804,5028308
699,2805,6262855
700,2806,7453503
701,2807,21157775
702,2808,2574006
703,2809,7800076
704,2810,4081621
705,2811,9124184
706,2813,8932030
707,2814,7300997
708,2816,4341205
709,2817,5619011
710,2818,8257697
711,2819,6561478
712,2821,6440480
713,2822,4894815
714,2823,4294432
715,2824,7108290
716,2825,6957936
717,2826,20768173
718,2827,3949338
719,2828,10347564
720,2829,7395727
721,2830,2790510
722,2831,8280949
723,2832,5746239
724,2833,6328352
725,2834,6209198
726,2835,4543512
727,2836,1417237
728,2838,11030165
729,2839,15901878
730,2841,6323364
731,2842,10071179
732,2844,9094833
733,2846,8270936
734,2847,7230863
735,2848,12768509
736,2849,28364733
737,2850,23592302
738,2851,7072421
739,2853,7218786
740,2854,4921773
741,2856,4544420
742,2858,4942886
743,2859,3575849
744,2860,2338554
745,2862,1242208
746,2863,1565067
747,2864,3433068
748,2865,4438541
749,2868,2140827
750,2870,5224935
751,2871,6307408
752,2872,6466218
753,2874,6652015
754,2875,8087895
755,2876,18230033
756,2877,8680068
757,2878,9508730
758,2879,4483599
759,2880,7919737
760,2882,3657205
761,2883,9243860
762,2884,7597912
763,2885,9167163
764,2886,9799382
765,2887,7179287
766,2888,6115414
767,2890,6925955
768,2892,5182786
769,2893,4432101
770,2894,3619951
771,2895,1571515
772,2896,1025035
773,2898,5697465
774,2899,8725432
775,2900,14202025
776,2902,8584891
777,2903,908612
778,2904,5837320
779,2905,3727648
780,2906,8457712
781,2907,8504795
782,2908,15458937
783,2909,6043266
784,2910,9732688
785,2911,5071839
786,2912,8328227
787,2913,2646996
788,2914,4521813
789,2915,4955273
790,2916,7612710
791,2917,29619811
792,2918,6249622
793,2919,6551012
794,2920,9972367
795,2921,4010709
796,2922,2169520
797,2926,9279028
798,2927,10524430
799,2929,6723361
800,2932,7809222
801,2938,6611993
802,2939,6994966
803,2940,6982146
804,2941,6854148
805,2942,10283007
806,2943,5372533
807,2944,8671459
808,2945,6820410
809,2946,5494384
810,2948,979540
811,2950,6101739
812,2951,7992139
813,2952,6872160
814,2953,4346424
815,2954,6542152
816,2955,5965778
817,2956,3892984
818,2957,4964989
819,2958,1253488
820,2959,25818076
821,2961,8542917
822,2962,4401079
823,2964,6935905
824,2966,6353810
825,2967,8556091
826,2968,1677381
827,2969,5487177
828,2970,6357714
829,2971,6561026
830,2972,3624440
831,2974,20537284
832,2975,6332972
833,2976,8514851
834,2977,7127352
835,2980,5762509
836,2981,7230615
837,2982,11527401
838,2983,9258203
839,2984,9734268
840,2986,113244
841,2990,7645610
842,2992,6720097
843,2993,7615231
844,2994,6752185
845,2995,5155998
846,2996,12703442
847,2997,4950990
848,2998,4098273
849,2999,8002033
850,3000,6679849
851,3001,8516364
852,3002,22149860
853,3003,4772886
854,3005,5210684
855,3006,773277
856,3007,7518425
857,3008,4496520
858,3010,16885582
859,3011,3087235
860,3012,2481531
861,3013,7821445
862,3014,4101167
863,3015,13985098
864,3016,9861061
865,3017,7559464
866,3018,10764468
867,3019,6023428
868,3020,6420444
869,3021,5102015
870,3022,12636281
871,3023,3680325
872,3024,5104641
873,3025,4822338
874,3026,7009052
875,3027,6013502
876,3028,5288685
877,3029,21636113
878,3032,5234430
879,3034,6696514
880,3035,12143084
881,3036,8583084
882,3038,13681211
883,3041,7195440
884,3043,6178556
885,3046,10171596
886,3047,941330
887,3048,1195070
888,3049,1828729
889,3050,1147106
890,3051,6242366
891,3052,10932428
892,3053,5559280
893,3054,11399306
894,3055,4164461
895,3056,6657640
896,3057,5544067
897,3059,6968682
898,3060,9589367
899,3062,1203889
900,3063,7577364
901,3064,4456418
902,3065,25819308
903,3066,3466727
904,3067,7566696
905,3068,1437821
906,3069,1794157
907,3070,6973785
908,3071,11118806
909,3072,4648631
910,3073,3355439
911,3074,13450257
912,3075,2088228
913,3077,6327239
914,3078,5460906
915,3079,5130375
916,3080,5280151
917,3081,16344047
918,3082,5426684
919,3083,5907059
920,3085,9935240
921,3086,2636067
922,3087,2578247
923,3088,11458861
924,3089,4330419
925,3090,8548805
926,3091,6744956
927,3092,6552852
928,3094,7229496
929,3095,18209330
930,3096,17234857
931,3097,9195529
932,3098,10521758
933,3099,14110709
934,3100,9780663
935,3101,7660732
936,3104,8420680
937,3105,8384961
938,3106,20067979
939,3107,7251637
940,3108,6291690
941,3109,18068931
942,3110,4856625
943,3111,1614286
944,3112,2627475
945,3113,1453239
946,3116,7276915
947,3117,7337926
948,3119,4278718
949,3120,12656143
950,3121,9201482
951,3122,7249881
952,3123,22867921
953,3124,8407853
954,3125,6108343
955,3126,567607
956,3127,5240722
957,3128,6513492
958,3129,3473227
959,3130,10740567
960,3132,21898867
961,3133,6357889
962,3134,6015683
963,3136,9782898
964,3137,874099
965,3138,8855470
966,3141,12069834
967,3142,437956
968,3144,6918271
969,3145,4145915
970,3146,12854918
971,3147,13970530
972,3148,6486887
973,3149,7375307
974,3151,12691833
975,3152,7319871
976,3153,6704313
977,3154,2079338
978,3155,2007591
979,3157,5826824
980,3159,7560251
981,3160,6888594
982,3162,7331990
983,3163,9391508
984,3165,9114498
985,3166,8092852
986,3167,8621683
987,3168,8734343
988,3169,11741523
989,3171,5729200
990,3172,5136106
991,3173,4675085
992,3174,7459215
993,3175,9958888
994,3176,7061717
995,3179,11547071
996,3180,7241172
997,3181,10063554
998,3182,5153816
999,3183,8167587
1000,3184,9420216
1001,3185,4059751
1002,3186,8688582
1003,3187,7073541
1004,3188,2891763
1005,3189,18344411
1006,3190,7684984
1007,3191,10985014
1008,3192,3740258
1009,3193,265276
1010,3194,4558991
1011,3195,10873142
1012,3196,3862511
1013,3197,533191
1014,3198,3631120
1015,3199,8030777
1016,3200,4946863
1017,3201,9740184
1018,3202,5024249
1019,3203,6101766
1020,3204,3873742
1021,3205,1452523
1022,3206,25617146
1023,3207,4608900
1024,3208,4597935
1025,3209,7808964
1026,3210,9306943
1027,3211,4858487
1028,3212,6290571
1029,3213,101488
1030,3214,2115542
1031,3215,29347106
1032,3216,2893735
1033,3217,9002584
1034,3218,6405909
1035,3219,14546404
1036,3224,7949729
1037,3225,9275182
1038,3226,8156600
1039,3227,6528937
1040,3228,9331986
1041,3230,7009509
1042,3231,8227551
1043,3232,13337731
1044,3233,8608107
1045,3234,5521071
1046,3236,15082874
1047,3237,11008001
1048,3238,3560501
1049,3239,4518506
1050,3240,8361326
1051,3241,15695529
1052,3244,9653766
1053,3246,18313297
1054,3247,21529491
1055,3248,11418328
1056,3249,6685100
1057,3250,10854046
1058,3251,9186629
1059,3252,6452090
1060,3253,14293992
1061,3254,7550344
1062,3255,6690971
1063,3257,10524141
1064,3258,8804711
1065,3259,5218168
1066,3260,6288811
1067,3261,6969116
1068,3262,8156445
1069,3264,7238467
1070,3266,4023803
1071,3267,10825882
1072,3268,6037801
1073,3269,1490632
1074,3270,4272992
1075,3272,7940877
1076,3273,4394098
1077,3274,11191685
1078,3275,4018224
1079,3276,21830604
1080,3277,8984638
1081,3278,9553465
1082,3279,20816380
1083,3280,10607457
1084,3282,18557946
1085,3283,14418839
1086,3286,11626283
1087,3287,6899958
1088,3288,5325410
1089,3289,2137365
1090,3290,1894141
1091,3291,8102481
1092,3292,10390935
1093,3293,6317704
1094,3295,2789297
1095,3296,8492229
1096,3297,6348691
1097,3298,7478279
1098,3299,7994066
1099,3300,14690526
1100,3301,6498459
1101,3302,8815648
1102,3303,19167083
1103,3304,9370262
1104,3305,6094754
1105,3307,4768888
1106,3309,7203641
1107,3310,7897083
1108,3311,2624668
1109,3312,7855632
1110,3313,12752468
1111,3314,6621263
1112,3315,6171837
1113,3316,8021799
1114,3317,2697459
1115,3318,8118714
1116,3319,6128734
1117,3320,14337842
1118,3321,5951306
1119,3322,7989410
1120,3323,5590103
1121,3324,10405076
1122,3325,5054476
1123,3326,2467556
1124,3327,12712126
1125,3328,7153445
1126,3329,6492074
1127,3330,16737527
1128,3333,9479607
1129,3335,9863128
1130,3337,8835729
1131,3338,13161825
1132,3339,8715408
1133,3341,12992590
1134,3343,22268353
1135,3344,8994996
1136,3345,10163159
1137,3349,6439622
1138,3351,7040248
1139,3353,10588450
1140,3355,12250206
1141,3356,10995379
1142,3357,5451411
1143,3360,14691248
1144,3361,10611457
1145,3362,15068147
1146,3365,4926238
1147,3366,4234080
1148,3368,11962587
1149,3369,6688926
1150,3370,7616913
1151,3371,4614662
1152,3372,11754717
1153,3373,5815702
1154,3374,5592811
1155,3375,3818627
1156,3377,7424219
1157,3378,6800892
1158,3380,4620244
1159,3381,11464722
1160,3382,8342391
1161,3385,30322946
1162,3386,10700610
1163,3387,9838221
1164,3388,8482111
1165,3389,8852440
1166,3390,9040771
1167,3391,5686108
1168,3392,2468412
1169,3393,4823241
1170,3394,2868938
1171,3396,210353
1172,3397,8054541
1173,3398,20028154
1174,3399,6315257
1175,3401,13631988
1176,3402,3527199
1177,3403,4774124
1178,3404,2650160
1179,3405,1370363
1180,3406,1089474
1181,3407,23698669
1182,3408,9848610
1183,3409,7300501
1184,3410,8413901
1185,3412,23039162
1186,3413,10919793
1187,3414,8216774
1188,3415,24393868
1189,3416,2981151
1190,3417,5679605
1191,3418,1915269
1192,3419,8234887
1193,3421,2376525
1194,3422,3132476
1195,3423,14656688
1196,3424,6084145
1197,3425,5472525
1198,3426,3088212
1199,3429,10541973
1200,3430,4696695
1201,3431,10841385
1202,3432,6896074
1203,3433,8139774
1204,3434,16157431
1205,3435,11738591
1206,3436,8845849
1207,3437,10118085
1208,3439,8153960
1209,3440,10543888
1210,3441,8571899
1211,3442,8569739
1212,3444,2522162
1213,3446,5325789
1214,3447,10426486
1215,3448,11631628
1216,3449,7917481
1217,3452,6203090
1218,3453,6926079
1219,3454,4891770
1220,3455,5080012
1221,3456,19438639
1222,3457,6618215
1223,3458,11318016
1224,3459,959757
1225,3461,7245245
1226,3463,10433280
1227,3464,19816753
1228,3465,5228659
1229,3466,4620334
1230,3467,2810328
1231,3468,20653926
1232,3469,115581
1233,3471,9640370
1234,3472,9771878
1235,3473,3785293
1236,3474,4538906
1237,3475,7469137
1238,3476,14207768
1239,3477,6326069
1240,3478,7734744
1241,3479,19394582
1242,3483,14109658
1243,3485,8793200
1244,3486,25057708
1245,3488,8090690
1246,3489,8079792
1247,3490,6511171
1248,3491,7038554
1249,3492,22492601
1250,3493,12801824
1251,3494,2662574
1252,3496,234959
1253,3498,6230368
1254,3499,10493035
1255,3500,7959182
1256,3503,9035746
1257,3504,8416708
1258,3506,4993005
1259,3508,2995831
1260,3509,5157539
1261,3510,7878210
1262,3511,23785000
1263,3513,760557
1264,3515,8875391
1265,3516,6584430
1266,3517,8452615
1267,3518,8798538
1268,3519,6595218
1269,3521,7892063
1270,3522,8499456
1271,3524,12703421
1272,3525,7736588
1273,3527,7559307
1274,3528,26031953
1275,3529,5673419
1276,3530,582095
1277,3531,4382993
1278,3532,6642848
1279,3533,8591360
1280,3534,7275571
1281,3536,7190054
1282,3537,7755665
1283,3538,8057299
1284,3539,8474041
1285,3540,5154552
1286,3541,4817265
1287,3543,9580350
1288,3545,8585382
1289,3546,10322531
1290,3547,5548915
1291,3548,7811079
1292,3550,6329334
1293,3552,4738105
1294,3553,5423899
1295,3554,2734620
1296,3555,2874404
1297,3556,3587931
1298,3557,7276970
1299,3558,7231078
1300,3559,1199192
1301,3560,11195140
1302,3561,8229753
1303,3562,7652755
1304,3564,5883499
1305,3565,5628176
1306,3566,8087580
1307,3567,8602999
1308,3568,6940211
1309,3569,1743264
1310,3572,4318860
1311,3573,8850463
1312,3574,2278533
1313,3575,2007358
1314,3576,14971434
1315,3578,6117634
1316,3579,1745288
1317,3580,2215549
1318,3581,7533260
1319,3582,8630638
1320,3583,8963233
1321,3584,22472057
1322,3585,5347320
1323,3586,10640286
1324,3587,8226117
1325,3588,26948197
1326,3589,7809152
1327,3590,8969366
1328,3591,6809191
1329,3592,6178735
1330,3593,6395115
1331,3594,7630978
1332,3596,6756499
1333,3597,3172737
1334,3599,1504435
1335,3600,17162688
1336,3601,7212541
1337,3602,9833406
1338,3603,6626436
1339,3605,8559078
1340,3606,5729790
1341,3607,8219799
1342,3608,8960618
1343,3609,4260212
1344,3610,15613195
1345,3611,10018624
1346,3612,8543915
1347,3613,4656016
1348,3614,5031324
1349,3615,11137185
1350,3616,147373
1351,3618,7522225
1352,3620,3781049
1353,3621,3756748
1354,3622,7385948
1355,3625,7881043
1356,3626,10919495
1357,3627,8360728
1358,3628,5728294
1359,3630,21635607
1360,3631,15200863
1361,3633,7549340
1362,3634,9584011
1363,3635,7296481
1364,3636,15777902
1365,3637,6292407
1366,3640,24919241
1367,3641,6420002
1368,3643,620540
1369,3645,20973329
1370,3646,7336905
1371,3648,15449552
1372,3649,10776950
1373,3650,10090756
1374,3651,8411828
1375,3653,8073446
1376,3658,6175661
1377,3659,6088787
1378,3661,4682314
1379,3662,3209480
1380,3664,5531845
1381,3665,4644787
1382,3667,5982487
1383,3668,10153062
1384,3669,8208900
1385,3673,9677389
1386,3674,10785790
1387,3675,6606616
1388,3676,5234056
1389,3677,6507383
1390,3678,5584140
1391,3679,6018030
1392,3680,10436520
1393,3683,7531880
1394,3685,9302246
1395,3686,9367610
1396,3687,6629097
1397,3688,30398683
1398,3689,7863128
1399,3691,8528937
1400,3693,8229214
1401,3696,5855525
1402,3697,6814065
1403,3699,4601245
1404,3700,6164721
1405,3701,9973691
1406,3702,7814218
1407,3703,8368770
1408,3704,5388178
1409,3705,8213110
1410,3706,12196918
1411,3707,6386804
1412,3708,5615976
1413,3709,8148663
1414,3710,17936717
1415,3711,10018352
1416,3714,7443806
1417,3717,6020746
1418,3718,8975463
1419,3719,6965690
1420,3723,1071148
1421,3725,343852
1422,3727,7663295
1423,3728,5332201
1424,3729,7132512
1425,3730,8744911
1426,3731,20803469
1427,3732,7602312
1428,3733,7575509
1429,3734,7434684
1430,3735,7313689
1431,3736,9348173
1432,3737,5262239
1433,3738,6887982
1434,3739,4234340
1435,3740,7197678
1436,3741,17036801
1437,3742,10210908
1438,3745,7964885
1439,3746,9753481
1440,3747,6841794
1441,3748,6289805
1442,3749,7220016
1443,3750,11455163
1444,3751,10628305
1445,3752,12587263
1446,3753,7288649
1447,3754,7551452
1448,3755,19843749
1449,3758,9401890
1450,3759,8435510
1451,3761,5238727
1452,3762,9087323
1453,3763,5409141
1454,3764,8755950
1455,3766,18536814
1456,3771,19684433
1457,3774,11612451
1458,3778,2165372
1459,3779,4988003
1460,3785,13662981
1461,3786,7835254
1462,3787,3554330
1463,3788,2302801
1464,3789,9704645
1465,3790,12483600
1466,3791,9547665
1467,3792,6598913
1468,3794,4226325
1469,3795,4317701
1470,3796,7625437
1471,3798,6947667
1472,3800,2949663
1473,3801,6750804
1474,3803,6453968
1475,3808,395705
1476,3811,2273934
1477,3817,8882034
1478,3819,194091
1479,3821,10785867
1480,3822,8293769
1481,3823,6386308
1482,3825,8494581
1483,3827,6078643
1484,3829,4485515
1485,3831,5887328
1486,3833,25741358
1487,3848,6831477
1488,3851,13094920
1489,3854,5495243
1490,3855,1928718
1491,3856,1018366
1492,3857,1760238
1493,3861,174952
1494,3868,4605112
1495,3874,3973243
1496,3879,12822381
1497,3880,12172232
1498,3890,9233544
1499,3891,11690037
1500,3893,6861670
1501,3894,2197050
1502,3896,6920666
1503,3898,12211153
1504,3899,2822072
1505,3900,3637768
1506,3902,10948245
1507,3903,495235
1508,3909,3606456
1509,3912,4012085
1510,3913,217900
1511,3918,3789455
1512,3921,25516459
1513,3922,7973033
1514,3925,406509
1515,3926,10482191
1516,3927,6366202
1517,3929,6650279
1518,3930,4421481
1519,3932,2422847
1520,3937,12550347
1521,3939,10932262
1522,3941,7941451
1523,3942,10090169
1524,3951,14773034
1525,3958,12397857
1526,3960,17326453
1527,3961,5094649
1528,3962,19330838
1529,3964,6948127
1530,3965,5833334
1531,3968,4833204
1532,3969,4589853
1533,3970,7625128
1534,3971,7402738
1535,3972,2418544
1536,3974,10431112
1537,3977,2990316
1538,3981,49962
1539,3994,9309426
1540,3995,7549380
1541,3996,8106175
1542,3997,6781046
1543,4000,10004277
1544,4003,1451494
1545,4004,3498474
1546,4007,1035507
1547,4011,1453592
1548,4013,9142846
1549,4014,5568468
1550,4015,6173222
1551,4016,8116494
1552,4017,9843995
1553,4018,7426759
1554,4019,4889327
1555,4020,4533064
1556,4021,12780868
1557,4022,1706273
1558,4028,10948644
1559,4029,6522170
1560,4031,3236586
1561,4033,4939286
1562,4034,6248414
1563,4035,9163135
1564,4036,5675337
1565,4038,3874126
1566,4039,2569430
1567,4040,11172316
1568,4041,10523051
1569,4042,4530610
1570,4049,3865673
1571,4051,11492729
1572,4055,10487466
1573,4058,7524094
1574,4059,8172448
1575,4060,7960159
1576,4062,5661780
1577,4063,3232801
1578,4064,10443128
1579,4065,6984213
1580,4069,6213966
1581,4071,3290636
1582,4072,7016666
1583,4073,6400945
1584,4075,8910900
1585,4079,6131253
1586,4080,7829841
1587,4081,18982510
1588,4092,506335
1589,4093,4537883
1590,4095,11549194
1591,4096,8165304
1592,4097,5960299
1593,4098,5646465
1594,4099,7298430
1595,4100,17141436
1596,4101,6648322
1597,4102,7830627
1598,4103,10246669
1599,4104,19674086
1600,4105,2284727
1601,4106,7520789
1602,4107,2824969
1603,4108,334584
1604,4109,3519547
1605,4113,5595405
1606,4118,5643601
1607,4120,7036611
1608,4121,6574864
1609,4122,8516878
1610,4123,8254860
1611,4124,5726294
1612,4125,9265254
1613,4126,6483117
1614,4127,9511688
1615,4128,24073766
1616,4130,6136174
1617,4131,12868289
1618,4132,9346968
1619,4133,8609225
1620,4134,7599355
1621,4135,6162534
1622,4136,5912145
1623,4137,5879560
1624,4139,10346640
1625,4141,6437818
1626,4142,10665470
1627,4145,10304056
1628,4146,6984133
1629,4147,7508943
1630,4148,15170235
1631,4149,6668961
1632,4150,7559354
1633,4154,8169695
1634,4155,9076169
1635,4156,6545859
1636,4158,19608030
1637,4159,7515071
1638,4160,8204781
1639,4162,21623688
1640,4163,7423255
1641,4164,8597199
1642,4165,6695916
1643,4166,7276562
1644,4167,1306494
1645,4170,4258160
1646,4178,118121
1647,4180,5113530
1648,4181,6616530
1649,4182,6191510
1650,4183,9567160
1651,4184,8898547
1652,4185,6743946
1653,4186,10177867
1654,4187,4435726
1655,4189,5833054
1656,4191,4228434
1657,4192,6497639
1658,4193,5608893
1659,4196,4002380
1660,4201,11208135
1661,4202,6852716
1662,4203,6768572
1663,4204,9559830
1664,4205,6253990
1665,4206,3911723
1666,4207,7165331
1667,4208,22567744
1668,4209,12038457
1669,4210,7658407
1670,4213,2641084
1671,4214,1455589
1672,4215,1899464
1673,4217,4515608
1674,4218,10781469
1675,4219,6929645
1676,4220,4673320
1677,4221,3274696
1678,4222,3928817
1679,4223,3076715
1680,4224,6452645
1681,4225,3394983
1682,4226,4513628
1683,4227,6663326
1684,4228,6227492
1685,4229,100384
1686,4230,5498875
1687,4231,12372792
1688,4232,1719043
1689,4237,6069195
1690,4238,3524129
1691,4241,8220975
1692,4245,5534217
1693,4247,3093169
1694,4248,7385249
1695,4249,10036590
1696,4250,6201386
1697,4254,9468377
1698,4255,10780000
1699,4256,8591752
1700,4260,6591064
1701,4261,2535258
1702,4262,8345475
1703,4263,58599
1704,4264,4715858
1705,4265,2721900
1706,4267,569630
1707,4271,6725264
1708,4272,1161151
1709,4274,8009942
1710,4278,781344
1711,4279,586658
1712,4283,210471
1713,4286,401607
1714,4287,2842139
1715,4288,4000181
1716,4289,5783659
1717,4293,6308890
1718,4294,8311095
1719,4295,3083992
1720,4296,8873547
1721,4297,9567103
1722,4298,8142151
1723,4299,7316164
1724,4300,8375385
1725,4301,6374812
1726,4302,8633829
1727,4303,11740604
1728,4304,9470859
1729,4305,6052703
1730,4306,11033482
1731,4307,7841657
1732,4308,7512882
1733,4309,7453119
1734,4311,8654246
1735,4314,3504791
1736,4316,9594629
1737,4318,9788458
1738,4320,7067278
1739,4321,8332785
1740,4323,8431232
1741,4324,6474974
1742,4325,7439961
1743,4326,8309901
1744,4327,8740761
1745,4328,7729654
1746,4329,8609752
1747,4330,5988227
1748,4331,7412761
1749,4332,6124484
1750,4333,6054794
1751,4334,13302362
1752,4335,3207367
1753,4336,5206277
1754,4341,6923578
1755,4342,9887213
1756,4343,6596173
1757,4344,9984977
1758,4345,5709725
1759,4346,7650753
1760,4347,8036282
1761,4348,6624108
1762,4349,7419793
1763,4350,5724304
1764,4352,9650741
1765,4353,6381453
1766,4354,7476846
1767,4355,9377548
1768,4356,10250163
1769,4357,11290662
1770,4359,7481429
1771,4360,8923012
1772,4361,8681654
1773,4362,7949557
1774,4363,11293921
1775,4364,5302320
1776,4365,6813006
1777,4366,6941873
1778,4367,6636328
1779,4368,8070555
1780,4369,2238020
1781,4371,13280808
1782,4372,6162739
1783,4373,5532948
1784,4374,7580341
1785,4375,9049871
1786,4376,9548905
1787,4377,12504154
1788,4378,7982417
1789,4379,5399727
1790,4380,8464491
1791,4381,6653352
1792,4382,10871073
1793,4383,7362967
1794,4384,4886258
1795,4385,11980979
1796,4386,15598987
1797,4387,7780120
1798,4389,7329429
1799,4391,7163127
1800,4392,8047276
1801,4393,5507483
1802,4394,982172
1803,4395,11688600
1804,4396,8629066
1805,4397,10587525
1806,4399,5382237
1807,4400,8276145
1808,4402,6665242
1809,4403,4917771
1810,4405,9451757
1811,4406,8361658
1812,4407,10367946
1813,4408,8041115
1814,4409,9723290
1815,4410,9175601
1816,4411,7116409
1817,4412,7276473
1818,4413,7235698
1819,4414,8773207
1820,4415,9908820
1821,4416,7334964
1822,4417,8734888
1823,4418,7134156
1824,4420,8091401
1825,4421,6272096
1826,4422,7624981
1827,4423,7115126
1828,4424,5341172
1829,4425,12421087
1830,4426,5944266
1831,4427,16483352
1832,4428,4243458
1833,4429,10899938
1834,4430,12547539
1835,4431,6837707
1836,4432,8811662
1837,4433,25642177
1838,4435,6373630
1839,4436,9400605
1840,4437,12671856
1841,4438,28484795
1842,4439,25582660
1843,4440,9395363
1844,4441,12875929
1845,4442,7828063
1846,4443,10223269
1847,4444,7013190
1848,4445,9224998
1849,4446,5947333
1850,4447,7034914
1851,4448,6289516
1852,4450,4284860
1853,4451,6093125
1854,4452,9135870
1855,4453,9092533
1856,4454,8511665
1857,4455,10951424
1858,4457,10540461
1859,4458,5205091
1860,4459,435308
1861,4460,11529296
1862,4461,8731854
1863,4462,12695568
1864,4463,7402245
1865,4465,8208409
1866,4466,5513184
1867,4467,5831607
1868,4468,8343846
1869,4469,7336672
1870,4470,7668688
1871,4471,7221798
1872,4472,6718289
1873,4473,5503856
1874,4474,21275147
1875,4475,4642890
1876,4476,7774911
1877,4477,4860917
1878,4478,5356358
1879,4479,6754278
1880,4480,7790378
1881,4481,3232982
1882,4482,7123548
1883,4483,6396168
1884,4484,19881427
1885,4485,8518466
1886,4486,4392480
1887,4487,6944437
1888,4489,6259194
1889,4490,7483324
1890,4491,20161059
1891,4492,18208831
1892,4493,8949376
1893,4494,4798557
1894,4495,27726462
1895,4496,8680296
1896,4497,10572307
1897,4498,11389428
1898,4499,8568631
1899,4500,11739185
1900,4501,4871409
1901,4502,10008099
1902,4503,9862491
1903,4504,21262957
1904,4505,8093307
1905,4506,10281803
1906,4508,11599942
1907,4509,16258616
1908,4511,11281896
1909,4512,7228785
1910,4513,6758726
1911,4515,15966148
1912,4516,10664004
1913,4517,6322639
1914,4518,5581583
1915,4519,7836930
1916,4520,10134048
1917,4521,5293008
1918,4523,21147533
1919,4525,5437585
1920,4526,8554678
1921,4527,6343594
1922,4528,22437881
1923,4529,6371828
1924,4530,10381116
1925,4532,7218840
1926,4533,5696817
1927,4534,8115788
1928,4535,7877659
1929,4536,8762943
1930,4537,6309951
1931,4538,7237728
1932,4540,18853846
1933,4541,6897411
1934,4542,7441489
1935,4543,7892337
1936,4544,6857411
1937,4545,6733941
1938,4547,8540222
1939,4548,7509193
1940,4549,4074577
1941,4550,6191501
1942,4551,5158412
1943,4552,2453778
1944,4553,4990010
1945,4554,7242046
1946,4555,7760049
1947,4557,7158493
1948,4558,1726162
1949,4559,4723855
1950,4560,8201984
1951,4561,13576410
1952,4562,7520697
1953,4563,6332927
1954,4564,12061852
1955,4565,7668587
1956,4566,292711
1957,4567,25212612
1958,4568,7564511
1959,4569,16121469
1960,4570,20154022
1961,4571,6122437
1962,4573,8133591
1963,4574,5837309
1964,4575,9871931
1965,4576,5866035
1966,4577,5670579
1967,4578,9256815
1968,4579,7842281
1969,4581,8090025
1970,4582,7641339
1971,4583,8933894
1972,4585,19469466
1973,4586,8667101
1974,4587,7894187
1975,4588,7284479
1976,4590,8496420
1977,4591,10621425
1978,4592,9311186
1979,4593,3152087
1980,4594,7022906
1981,4595,11570531
1982,5003,63087
1983,5004,1335372
1984,5008,130757
1985,5010,8014515
1986,5011,66999
1987,5013,141778
1988,5014,1219860
1989,5015,8008998
1990,5016,11504115
1991,5018,4701148
1992,5019,3448499
1993,5020,10721433
1994,5021,881969
1995,5027,10408933
1996,5028,3375845
1997,5029,8592224
1998,5030,1147223
1999,5032,2492714
2000,5033,22450848
2001,5035,522058
2002,5037,21179070
2003,5040,12258559
2004,5042,616017
2005,5043,6150617
2006,5045,34119
2007,5046,1759104
2008,5047,2141560
2009,5048,1550984
2010,5049,10379491
2011,5051,9290526
2012,5052,8558680
2013,5053,8514877
2014,5054,10617554
2015,5055,799384
2016,5056,10296206
2017,5057,1259441
2018,5058,1494619
2019,5059,226830
2020,5066,7929896
2021,5070,2599243
2022,5071,22088493
2023,5072,6889153
2024,5075,1732130
2025,5076,189378
2026,5077,245089
2027,5078,3983312
2028,5079,31901
2029,5081,224796
2030,5082,7687202
2031,5084,158181
2032,5085,10007445
2033,5086,55552
2034,5087,48704
2035,5088,9919528
2036,5089,6868572
2037,5090,8816787
2038,5091,10705802
2039,5092,9531238
2040,5093,8907014
2041,5094,8267053
2042,5096,69860
2043,5097,469213
2044,5098,4199447
2045,5099,18078574
2046,5100,9926171
2047,5104,2235574
2048,5106,972648
2049,5107,52049
2050,5108,977780
2051,5111,23705804
2052,5112,472360
2053,5113,1054462
2054,5114,32810
2055,5115,7250332
2056,5118,276838
2057,5119,4901776
2058,5120,44227
2059,5123,7454631
2060,5124,31227
2061,5125,6173967
2062,5126,139321
2063,5128,23345809
2064,5129,607382
2065,5130,1376113
2066,5131,6818596
2067,5132,8378461
2068,5133,7992749
2069,5135,10972659
2070,5136,9805118
2071,5137,7968685
2072,5139,6216008
2073,5142,10250187
2074,5144,9390730
2075,5149,3438043
2076,5150,475606
2077,5151,696151
2078,5153,853457
2079,5154,688051
2080,5157,20181
2081,5158,6373769
2082,5159,9338607
2083,5160,8528684
2084,5161,192608
2085,5163,2017289
2086,5164,36481816
2087,5165,4870978
2088,5167,7847099
2089,5168,4285098
2090,5169,6886131
2091,5170,11073137
2092,5171,2633504
2093,5172,1164794
2094,5173,5708083
2095,5175,12653005
2096,5176,690262
2097,5178,8370189
2098,5180,1929815
2099,5181,250849
2100,5187,1516944
2101,5190,218248
2102,5192,546436
2103,5194,61361
2104,5195,11736015
2105,5196,12277827
2106,5197,10782669
2107,5200,13021566
2108,5201,10316014
2109,5203,7319330
2110,5204,4364383
2111,5205,4395782
2112,5206,10119383
2113,5207,7364381
2114,5208,119802
2115,5213,18540007
2116,5218,81195
2117,5219,29391
2118,5220,6256241
2119,5221,4063863
2120,5223,1453428
2121,5224,1301266
2122,5225,1083130
2123,5226,1760714
2124,5229,7686252
2125,5231,37730
2126,5232,1258398
2127,5236,2697746
2128,5239,6261679
2129,5240,6703395
2130,5242,111061
2131,5243,67700
2132,5244,242712
2133,5246,307659
2134,5248,2526754
2135,5250,5436957
2136,5251,6250338
2137,5252,687878
2138,5255,99626
2139,5259,125997
2140,5260,285933
2141,5261,72554
2142,5262,1541059
2143,5264,131797
2144,5265,7427435
2145,5268,2350599
2146,5269,7536576
2147,5270,64094
2148,5271,4974776
2149,5272,109983
2150,5273,2530623
2151,5275,2797102
2152,5276,9467877
2153,5278,1534534
2154,5279,404124
2155,5280,16658
2156,5281,586302
2157,5282,5099828
2158,5283,160774
2159,5285,8366009
2160,5286,2959071
2161,5287,107753
2162,5289,5511381
2163,5291,8403773
2164,5292,6837720
2165,5293,1343360
2166,5294,6217380
2167,5296,899866
2168,5297,31713
2169,5298,12228
2170,5300,490640
2171,5301,2661826
2172,5303,247536
2173,5307,3661889
2174,5308,6266494
2175,5309,6578831
2176,5310,6748745
2177,5311,11270153
2178,5312,1465406
2179,5313,7188563
2180,5314,235575
2181,5316,188452
2182,5319,2168734
2183,5321,1922702
2184,5322,753566
2185,5323,313641
2186,5325,116016
2187,5326,204734
2188,5328,147632
2189,5329,11200
2190,5330,222260
2191,5331,42240
2192,5332,71365
2193,5335,171621
2194,5336,293456
2195,5337,1178526
2196,5338,59952
2197,5339,5821390
2198,5340,168446
2199,5342,1266527
2200,5343,35951
2201,5344,285025
2202,5345,10412948
2203,5346,7719761
2204,5348,3310022
2205,5349,953530
2206,5350,9206929
2207,5351,13567710
2208,5352,38212
2209,5354,4626251
2210,5355,790649
2211,5356,6946
2212,5357,532732
2213,5358,399957
2214,5359,679222
2215,5360,71849
2216,5361,6966093
2217,5362,5977095
2218,5363,3592185
2219,5364,4868236
2220,5365,7394115
2221,5366,1470046
2222,5367,967053
2223,5368,3790085
2224,5369,389792
2225,5370,5731980
2226,5371,15357
2227,5372,563368
2228,5373,5408890
2229,5374,124098
2230,5375,5622589
2231,5376,3684157
2232,5377,3451681
2233,5378,3597107
2234,5379,2971856
2235,5380,3930566
2236,5381,5570593
2237,5383,11125969
2238,5384,10566293
2239,5385,10482047
2240,5386,1488464
2241,5387,10069361
2242,5388,5112341
2243,5389,97212
2244,5391,10542713
2245,5392,8372408
2246,5393,315550
2247,5394,10633487
2248,5395,735441
2249,5396,26487
2250,5397,221936
2251,5399,61892
2252,5400,220269
2253,5401,25102
2254,5402,110752
2255,5405,259218
2256,5406,343534
2257,5407,6218397
2258,5408,7213618
2259,5409,11599234
2260,5410,248960
2261,5411,1871995
2262,5412,268820
2263,5413,302027
2264,5414,2301
2265,5415,136171
2266,5416,64042
2267,5417,2043
2268,5418,209945
2269,5419,9077194
2270,5430,2109673
2271,5432,748792
2272,5433,1864972
2273,5437,3139400
2274,5438,7078621
2275,5439,11857510
2276,5440,1768924
2277,5441,3444864
2278,5442,17042
2279,5443,8203
2280,5444,3447610
2281,5445,14197585
2282,5446,149464
2283,5447,8223585
2284,5448,17113
2285,5449,87099
2286,5450,8265774
2287,5451,6433692
2288,5452,8811745
2289,5454,485711
2290,5456,173270
2291,5457,9413983
2292,5458,4205308
2293,5459,16161
2294,5460,971383
2295,5461,892763
2296,5462,1102730
2297,5463,415381
2298,5464,95301
2299,5465,21545
2300,5466,40043
2301,5468,5073974
2302,5469,5690029
2303,5470,1668097
2304,5471,61809
2305,5472,5540494
2306,5473,9914481
2307,5474,253691
2308,5477,7842176
2309,5478,20908341
2310,5480,764744
2311,5481,21652052
2312,5482,7948857
2313,5483,1832503
2314,5484,11556251
2315,5485,7765744
2316,5486,12450661
2317,5487,2247122
2318,5488,3539128
2319,5489,8520004
2320,5490,9437914
2321,5491,1265400
2322,5493,9307478
2323,5494,5413550
2324,5495,63567
2325,5496,1298129
2326,5497,22330
2327,5498,72310
2328,5499,44260
2329,5502,101230
2330,5504,22200
2331,5505,20582
2332,5506,149679
2333,5507,7458412
2334,5508,7774856
2335,5509,9096518
2336,5510,9075846
2337,5511,7064916
2338,5512,5941574
2339,5513,120502
2340,5514,28341
2341,5515,1113386
2342,5516,358490
2343,5517,2634415
2344,5518,5265674
2345,5519,8024523
2346,5520,7900727
2347,5521,6634769
2348,5523,15776
2349,5524,4648298
2350,5525,19368
2351,5527,32809
2352,5528,1343996
2353,5529,149553
2354,5530,205544
2355,5531,274057
2356,5532,3352
2357,5533,2790117
2358,5534,3037550
2359,5535,43344
2360,5536,41445
2361,5537,6115
2362,5538,96808
2363,5539,57388
2364,5540,18673
2365,5541,4960313
2366,5542,1186644
2367,5543,5839659
2368,5544,6324081
2369,5545,4691576
2370,5546,820596
2371,5547,29434
2372,5548,132152
2373,5549,5982052
2374,5554,27788
2375,5563,48049
2376,5588,22697
2377,5958,2665957
2378,5960,2058462
2379,5961,3497937
